{
  "relationships_following": [
    {
      "title": "",
      "media_list_data": [
        
      ],
      "string_list_data": [
        {
          "href": "https://www.instagram.com/natgeo",
          "value": "natgeo",
          "timestamp": 0
        }
      ]
    },
    {
      "title": "",
      "media_list_data": [
        
      ],
      "string_list_data": [
        {
          "href": "https://www.instagram.com/cnrs",
          "value": "cnrs",
          "timestamp": 0
        }
      ]
    },
    {
      "title": "",
      "media_list_data": [
        
      ],
      "string_list_data": [
        {
          "href": "https://www.instagram.com/xkcd",
          "value": "xkcd",
          "timestamp": 0
        }
      ]
    }
  ]
}